Exp_Type,Amount
Bills,63.94587932777009
Entertainment,49.3729075420464
Food,54.9053106322263
Fuel,49.710380717846036
Grocery,50.911022600902164
Travel,51.13287042072374
