City,Amount
"Greater Mumbai, India",14.15398921147493
"Bengaluru, India",14.045402268280677
"Ahmedabad, India",13.9341724685536
"Delhi, India",13.667533393886336
"Kolkata, India",2.833660482047888
